iter	Accuracy	MultiClass
0	0.6913786832	1.531878033
1	0.6913786832	1.467316966
2	0.6913786832	1.412978576
3	0.6913786832	1.365675929
4	0.6913786832	1.325557269
5	0.6913786832	1.2897211
6	0.6913786832	1.257749482
7	0.6913786832	1.229620266
8	0.6913786832	1.204161085
9	0.6913786832	1.181422348
10	0.6913786832	1.161404023
